{"cameraMode":{"drawMode":0,"name":"Shaded","section":"Shading Mode"},"sceneLighting":false,"audioPlay":false,"sceneViewState":{"m_AlwaysRefresh":false,"showFog":true,"showSkybox":false,"showFlares":true,"showImageEffects":true,"showParticleSystems":true,"showVisualEffectGraphs":true,"m_FxEnabled":true},"in2DMode":false,"pivot":{"x":0.011623382568359375,"y":0.056131839752197269,"z":-0.06045818328857422},"rotation":{"x":-0.14319491386413575,"y":-0.8549331426620483,"z":0.3206384778022766,"w":-0.3818139433860779},"size":7.890249729156494,"orthographic":false}