{"cameraMode":{"drawMode":0,"name":"Shaded","section":"Shading Mode"},"sceneLighting":true,"audioPlay":false,"sceneViewState":{"m_AlwaysRefresh":false,"showFog":true,"showSkybox":true,"showFlares":true,"showImageEffects":true,"showParticleSystems":true,"showVisualEffectGraphs":true,"m_FxEnabled":true},"in2DMode":false,"pivot":{"x":793.8704833984375,"y":182.86428833007813,"z":488.31781005859377},"rotation":{"x":0.0422794446349144,"y":0.02752276510000229,"z":-0.0011859602527692915,"w":0.9987386465072632},"size":491.1323547363281,"orthographic":false}