{"cameraMode":{"drawMode":0,"name":"Shaded","section":"Shading Mode"},"sceneLighting":true,"audioPlay":false,"sceneViewState":{"m_AlwaysRefresh":false,"showFog":true,"showSkybox":true,"showFlares":true,"showImageEffects":true,"showParticleSystems":true,"showVisualEffectGraphs":true,"m_FxEnabled":true},"in2DMode":false,"pivot":{"x":687.6602783203125,"y":304.76824951171877,"z":470.204345703125},"rotation":{"x":0.03179599717259407,"y":-0.02193664386868477,"z":0.0006771698244847357,"w":0.9992658495903015},"size":662.0062255859375,"orthographic":false}