{"cameraMode":{"drawMode":0,"name":"Shaded","section":"Shading Mode"},"sceneLighting":false,"audioPlay":false,"sceneViewState":{"m_AlwaysRefresh":false,"showFog":true,"showSkybox":false,"showFlares":true,"showImageEffects":true,"showParticleSystems":true,"showVisualEffectGraphs":true,"m_FxEnabled":true},"in2DMode":false,"pivot":{"x":-43.655025482177737,"y":-0.24474430084228517,"z":0.19299578666687013},"rotation":{"x":0.0989348515868187,"y":-0.8871034383773804,"z":0.2244444191455841,"w":0.3910188674926758},"size":7.649135112762451,"orthographic":false}